Country name,year,Ladder score,Logged GDP per capita,Social support,Healthy life expectancy,Freedom to make life choices,Generosity,Perceptions of corruption
Afghanistan,2015,3.983,7.702,0.529,53.2,0.389,0.08,0.881
Afghanistan,2016,4.22,7.697,0.559,53.0,0.523,0.042,0.793
Afghanistan,2017,2.662,7.697,0.491,52.8,0.427,-0.121,0.954
Afghanistan,2018,2.694,7.692,0.508,52.6,0.374,-0.094,0.928
Afghanistan,2019,2.375,7.697,0.42,52.4,0.394,-0.108,0.924
Albania,2015,4.607,9.403,0.639,67.8,0.704,-0.081,0.885
Albania,2016,4.511,9.437,0.638,68.1,0.73,-0.017,0.901
Albania,2017,4.64,9.476,0.638,68.4,0.75,-0.029,0.876
Albania,2018,5.004,9.518,0.684,68.7,0.824,0.009,0.899
Albania,2019,4.995,9.544,0.686,69.0,0.777,-0.099,0.914
Albania,2020,5.365,9.497,0.71,69.3,0.754,0.007,0.891
Algeria,2016,5.341,9.362,0.749,65.5,,,
Algeria,2017,5.249,9.354,0.807,65.7,0.437,-0.167,0.7
Algeria,2018,5.043,9.348,0.799,65.9,0.583,-0.146,0.759
Algeria,2019,4.745,9.337,0.803,66.1,0.385,0.005,0.741
Argentina,2015,6.697,10.083,0.926,68.2,0.881,-0.174,0.851
Argentina,2016,6.427,10.051,0.883,68.4,0.848,-0.192,0.851
Argentina,2017,6.039,10.067,0.907,68.6,0.832,-0.186,0.841
Argentina,2018,5.793,10.032,0.9,68.8,0.846,-0.211,0.855
Argentina,2019,6.086,10.0,0.896,69.0,0.817,-0.211,0.83
Argentina,2020,5.901,9.85,0.897,69.2,0.823,-0.122,0.816
Armenia,2015,4.348,9.334,0.723,66.0,0.551,-0.203,0.901
Armenia,2016,4.325,9.333,0.709,66.3,0.611,-0.17,0.921
Armenia,2017,4.288,9.402,0.698,66.6,0.614,-0.147,0.865
Armenia,2018,5.062,9.451,0.814,66.9,0.808,-0.163,0.677
Armenia,2019,5.488,9.522,0.782,67.2,0.844,-0.172,0.583
Australia,2015,7.309,10.779,0.952,72.7,0.922,0.332,0.357
Australia,2016,7.25,10.791,0.942,73.0,0.922,0.239,0.399
Australia,2017,7.257,10.798,0.95,73.3,0.911,0.317,0.411
Australia,2018,7.177,10.811,0.94,73.6,0.916,0.146,0.405
Australia,2019,7.234,10.815,0.943,73.9,0.918,0.121,0.43
Australia,2020,7.137,10.76,0.937,74.2,0.905,0.21,0.491
Austria,2015,7.076,10.881,0.928,72.1,0.9,0.099,0.557
Austria,2016,7.048,10.891,0.926,72.4,0.889,0.08,0.524
Austria,2017,7.294,10.908,0.906,72.7,0.89,0.133,0.518
Austria,2018,7.396,10.928,0.912,73.0,0.904,0.053,0.523
Austria,2019,7.195,10.939,0.964,73.3,0.903,0.06,0.457
Austria,2020,7.213,10.851,0.925,73.6,0.912,0.011,0.464
Azerbaijan,2015,5.147,9.606,0.786,64.6,0.764,-0.198,0.616
Azerbaijan,2016,5.304,9.564,0.777,64.9,0.713,-0.204,0.607
Azerbaijan,2017,5.152,9.555,0.787,65.2,0.731,-0.225,0.653
Azerbaijan,2018,5.168,9.562,0.781,65.5,0.772,-0.232,0.561
Azerbaijan,2019,5.173,9.575,0.887,65.8,0.854,-0.214,0.457
Bahrain,2015,6.007,10.785,0.853,67.7,0.85,0.112,
Bahrain,2016,6.17,10.781,0.863,68.1,0.889,0.088,
Bahrain,2017,6.227,10.771,0.876,68.5,0.906,0.136,
Bahrain,2019,7.098,10.715,0.878,69.3,0.907,0.048,
Bahrain,2020,6.173,10.62,0.848,69.7,0.945,0.132,
Bangladesh,2015,4.633,8.216,0.601,62.8,0.815,-0.068,0.721
Bangladesh,2016,4.556,8.274,0.649,63.3,0.875,-0.089,0.688
Bangladesh,2017,4.31,8.334,0.713,63.8,0.896,0.012,0.635
Bangladesh,2018,4.499,8.399,0.706,64.3,0.901,-0.043,0.701
Bangladesh,2019,5.114,8.467,0.673,64.8,0.902,-0.051,0.656
Bangladesh,2020,5.28,8.472,0.739,65.3,0.777,-0.009,0.742
Belarus,2015,5.719,9.815,0.924,65.2,0.623,-0.091,0.669
Belarus,2016,5.178,9.788,0.927,65.5,0.658,-0.125,0.664
Belarus,2017,5.553,9.814,0.9,65.8,0.621,-0.122,0.654
Belarus,2018,5.234,9.846,0.905,66.1,0.644,-0.174,0.718
Belarus,2019,5.821,9.86,0.917,66.4,0.657,-0.186,0.546
Belgium,2015,6.904,10.81,0.885,71.4,0.869,0.062,0.469
Belgium,2016,6.949,10.819,0.929,71.6,0.866,-0.056,0.497
Belgium,2017,6.928,10.834,0.922,71.8,0.857,0.054,0.543
Belgium,2018,6.892,10.844,0.93,72.0,0.808,-0.125,0.63
Belgium,2019,6.772,10.853,0.884,72.2,0.776,-0.172,0.672
Belgium,2020,6.839,10.771,0.904,72.4,0.767,-0.164,0.634
Benin,2015,3.625,7.988,0.434,53.1,0.733,-0.027,0.85
Benin,2016,4.007,7.993,0.493,53.5,0.78,-0.065,0.838
Benin,2017,4.853,8.021,0.436,53.9,0.727,-0.065,0.767
Benin,2018,5.82,8.059,0.504,54.3,0.713,0.002,0.747
Benin,2019,4.976,8.098,0.442,54.7,0.77,-0.016,0.698
Benin,2020,4.408,8.102,0.507,55.1,0.783,-0.083,0.532
Bhutan,2015,5.082,9.219,0.848,60.2,0.83,0.277,0.634
Bolivia,2015,5.834,8.985,0.829,62.7,0.884,-0.03,0.862
Bolivia,2016,5.77,9.012,0.796,63.0,0.882,-0.047,0.853
Bolivia,2017,5.651,9.039,0.779,63.3,0.884,-0.12,0.819
Bolivia,2018,5.916,9.066,0.827,63.6,0.863,-0.093,0.786
Bolivia,2019,5.674,9.074,0.784,63.9,0.881,-0.086,0.857
Bolivia,2020,5.559,8.998,0.805,64.2,0.877,-0.054,0.868
Bosnia and Herzegovina,2015,5.117,9.457,0.656,66.9,0.631,-0.055,0.96
Bosnia and Herzegovina,2016,5.181,9.5,0.808,67.2,0.633,0.134,0.957
Bosnia and Herzegovina,2017,5.09,9.532,0.775,67.5,0.564,0.092,0.923
Bosnia and Herzegovina,2018,5.887,9.576,0.836,67.8,0.659,0.123,0.913
Bosnia and Herzegovina,2019,6.016,9.609,0.873,68.1,0.722,0.079,0.963
Bosnia and Herzegovina,2020,5.516,9.583,0.899,68.4,0.74,0.138,0.916
Botswana,2015,3.762,9.724,0.816,56.8,0.857,-0.116,0.86
Botswana,2016,3.499,9.748,0.768,57.5,0.852,-0.253,0.729
Botswana,2017,3.505,9.756,0.768,58.2,0.817,-0.248,0.731
Botswana,2018,3.461,9.778,0.795,58.9,0.818,-0.254,0.807
Botswana,2019,3.471,9.785,0.774,59.6,0.833,-0.239,0.792
Brazil,2015,6.547,9.62,0.907,65.8,0.799,-0.016,0.771
Brazil,2016,6.375,9.578,0.912,66.0,0.807,-0.1,0.781
Brazil,2017,6.333,9.583,0.905,66.2,0.765,-0.175,0.794
Brazil,2018,6.191,9.589,0.882,66.4,0.751,-0.117,0.763
Brazil,2019,6.451,9.592,0.899,66.6,0.83,-0.062,0.762
Brazil,2020,6.11,9.522,0.831,66.8,0.786,-0.053,0.729
Bulgaria,2015,4.865,9.883,0.908,66.2,0.637,-0.2,0.941
Bulgaria,2016,4.838,9.928,0.926,66.4,0.7,-0.17,0.936
Bulgaria,2017,5.097,9.969,0.942,66.6,0.689,-0.154,0.911
Bulgaria,2018,5.099,10.007,0.924,66.8,0.724,-0.176,0.952
Bulgaria,2019,5.108,10.047,0.948,67.0,0.822,-0.109,0.943
Bulgaria,2020,5.598,9.991,0.916,67.2,0.818,-0.004,0.901
Burkina Faso,2015,4.419,7.568,0.705,52.4,0.659,0.004,0.693
Burkina Faso,2016,4.206,7.596,0.764,52.9,0.645,-0.001,0.721
Burkina Faso,2017,4.647,7.627,0.785,53.4,0.614,-0.063,0.727
Burkina Faso,2018,4.927,7.665,0.665,53.9,0.721,-0.013,0.757
Burkina Faso,2019,4.741,7.691,0.683,54.4,0.678,-0.004,0.729
Burundi,2018,3.775,6.635,0.485,53.4,0.646,-0.024,0.599
Cambodia,2015,4.162,8.173,0.729,60.4,0.956,0.21,0.825
Cambodia,2016,4.461,8.225,0.746,60.8,0.958,0.076,0.84
Cambodia,2017,4.586,8.276,0.765,61.2,0.964,0.088,0.821
Cambodia,2018,5.122,8.333,0.795,61.6,0.958,0.036,
Cambodia,2019,4.998,8.387,0.759,62.0,0.957,0.013,0.828
Cambodia,2020,4.377,8.362,0.724,62.4,0.963,0.052,0.863
Cameroon,2015,5.038,8.149,0.646,50.3,0.791,0.049,0.868
Cameroon,2016,4.816,8.167,0.659,51.1,0.713,-0.003,0.879
Cameroon,2017,5.074,8.176,0.695,51.9,0.767,-0.028,0.844
Cameroon,2018,5.251,8.19,0.677,52.7,0.816,0.036,0.884
Cameroon,2019,4.937,8.203,0.711,53.5,0.712,-0.008,0.817
Cameroon,2020,5.241,8.175,0.72,54.3,0.675,0.049,0.837
Canada,2015,7.413,10.774,0.939,73.0,0.931,0.253,0.427
Canada,2016,7.245,10.773,0.924,73.2,0.912,0.211,0.385
Canada,2017,7.415,10.792,0.934,73.4,0.945,0.163,0.362
Canada,2018,7.175,10.798,0.923,73.6,0.946,0.106,0.372
Canada,2019,7.109,10.8,0.925,73.8,0.912,0.112,0.436
Canada,2020,7.025,10.73,0.931,74.0,0.887,0.05,0.434
Central African Republic,2016,2.693,6.785,0.29,44.9,0.624,0.033,0.859
Central African Republic,2017,3.476,6.817,0.32,45.2,0.645,0.073,0.89
Chad,2015,4.323,7.527,0.751,46.7,0.474,-0.029,0.889
Chad,2016,4.029,7.431,0.616,47.2,0.525,0.052,0.82
Chad,2017,4.559,7.37,0.661,47.7,0.615,0.008,0.792
Chad,2018,4.486,7.363,0.577,48.2,0.65,0.024,0.763
Chad,2019,4.251,7.365,0.64,48.7,0.537,0.055,0.832
Chile,2015,6.533,10.07,0.827,69.6,0.769,0.041,0.812
Chile,2016,6.579,10.074,0.841,69.7,0.652,0.102,0.858
Chile,2017,6.32,10.072,0.88,69.8,0.79,-0.02,0.836
Chile,2018,6.436,10.097,0.89,69.9,0.789,-0.06,0.816
Chile,2019,5.942,10.095,0.869,70.0,0.659,-0.103,0.86
Chile,2020,6.151,10.02,0.888,70.1,0.781,0.033,0.812
China,2015,5.304,9.449,0.794,68.4,,-0.244,
China,2016,5.325,9.51,0.742,68.7,,-0.228,
China,2017,5.099,9.571,0.772,69.0,0.878,-0.175,
China,2018,5.131,9.632,0.788,69.3,0.895,-0.159,
China,2019,5.144,9.688,0.822,69.6,0.927,-0.173,
China,2020,5.771,9.702,0.808,69.9,0.891,-0.103,
Colombia,2015,6.388,9.564,0.89,66.8,0.791,-0.1,0.843
Colombia,2016,6.234,9.571,0.882,67.1,0.835,-0.1,0.898
Colombia,2017,6.157,9.569,0.909,67.4,0.838,-0.157,0.875
Colombia,2018,5.984,9.579,0.871,67.7,0.851,-0.148,0.855
Colombia,2019,6.35,9.598,0.873,68.0,0.822,-0.172,0.854
Colombia,2020,5.709,9.495,0.797,68.3,0.84,-0.085,0.808
Comoros,2018,3.973,8.028,0.621,57.2,0.56,0.086,0.794
Comoros,2019,4.609,8.033,0.632,57.5,0.538,0.077,0.762
Congo (Brazzaville),2015,4.691,8.243,0.642,56.1,0.85,-0.104,0.841
Congo (Brazzaville),2016,4.119,8.19,0.615,56.7,0.786,-0.072,0.79
Congo (Brazzaville),2017,4.884,8.146,0.655,57.3,0.778,-0.131,0.763
Congo (Brazzaville),2018,5.49,8.136,0.621,57.9,0.699,-0.092,0.738
Congo (Brazzaville),2019,5.213,8.101,0.625,58.5,0.686,-0.046,0.741
Congo (Kinshasa),2015,3.903,6.971,0.767,52.1,0.574,-0.048,0.866
Congo (Kinshasa),2016,4.522,6.962,0.864,52.5,0.637,-0.024,0.875
Congo (Kinshasa),2017,4.311,6.966,0.67,52.9,0.704,0.068,0.809
Costa Rica,2015,6.854,9.799,0.878,70.7,0.907,-0.059,0.761
Costa Rica,2016,7.136,9.83,0.901,70.9,0.873,-0.032,0.781
Costa Rica,2017,7.225,9.858,0.922,71.1,0.936,-0.076,0.742
Costa Rica,2018,7.141,9.874,0.876,71.3,0.942,-0.107,0.781
Costa Rica,2019,6.998,9.885,0.906,71.5,0.927,-0.146,0.836
Croatia,2015,5.205,10.104,0.768,68.4,0.694,-0.096,0.849
Croatia,2016,5.417,10.146,0.798,69.0,0.672,-0.065,0.884
Croatia,2017,5.343,10.189,0.77,69.6,0.716,-0.104,0.892
Croatia,2018,5.536,10.224,0.91,70.2,0.691,-0.151,0.925
Croatia,2019,5.626,10.258,0.936,70.8,0.739,-0.137,0.932
Croatia,2020,6.508,10.166,0.923,71.4,0.837,-0.063,0.961
Cyprus,2015,5.439,10.445,0.77,73.1,0.628,0.114,0.893
Cyprus,2016,5.795,10.506,0.786,73.3,0.756,-0.03,0.898
Cyprus,2017,6.062,10.539,0.819,73.5,0.812,0.043,0.851
Cyprus,2018,6.276,10.567,0.826,73.7,0.794,-0.022,0.848
Cyprus,2019,6.137,10.585,0.776,73.9,0.74,-0.008,0.865
Cyprus,2020,6.26,,0.806,74.1,0.763,,0.816
Czech Republic,2015,6.608,10.496,0.911,68.8,0.808,-0.146,0.886
Czech Republic,2016,6.736,10.518,0.931,69.3,0.85,-0.197,0.9
Czech Republic,2017,6.79,10.558,0.901,69.8,0.832,-0.177,0.867
Czech Republic,2018,7.034,10.583,0.929,70.3,0.79,-0.292,0.851
Czech Republic,2020,6.897,10.53,0.964,71.3,0.906,-0.127,0.884
Denmark,2015,7.514,10.878,0.96,71.5,0.941,0.222,0.191
Denmark,2016,7.558,10.903,0.954,71.8,0.948,0.138,0.21
Denmark,2017,7.594,10.916,0.952,72.1,0.955,0.155,0.181
Denmark,2018,7.649,10.935,0.958,72.4,0.935,0.018,0.151
Denmark,2019,7.693,10.954,0.958,72.7,0.963,0.02,0.174
Denmark,2020,7.515,10.91,0.947,73.0,0.938,0.052,0.214
Dominican Republic,2015,5.062,9.637,0.893,64.9,0.856,-0.065,0.755
Dominican Republic,2016,5.239,9.691,0.895,65.2,0.873,-0.08,0.737
Dominican Republic,2017,5.605,9.725,0.894,65.5,0.855,-0.121,0.76
Dominican Republic,2018,5.433,9.782,0.862,65.8,0.867,-0.15,0.762
Dominican Republic,2019,6.004,9.821,0.884,66.1,0.877,-0.123,0.746
Dominican Republic,2020,5.168,9.802,0.806,66.4,0.835,-0.128,0.636
Ecuador,2015,5.964,9.384,0.856,67.6,0.801,-0.114,0.666
Ecuador,2016,6.115,9.355,0.842,67.9,0.846,-0.015,0.774
Ecuador,2017,5.84,9.36,0.849,68.2,0.879,-0.167,0.734
Ecuador,2018,6.128,9.355,0.851,68.5,0.869,-0.099,0.831
Ecuador,2019,5.809,9.339,0.808,68.8,0.83,-0.115,0.839
Ecuador,2020,5.354,9.244,0.804,69.1,0.829,-0.157,0.855
Egypt,2015,4.763,9.266,0.73,60.8,0.659,-0.089,0.684
Egypt,2016,4.557,9.287,0.809,61.1,0.656,-0.141,0.818
Egypt,2017,3.929,9.307,0.638,61.4,0.593,-0.152,
Egypt,2018,4.005,9.338,0.759,61.7,0.682,-0.215,
Egypt,2019,4.328,9.373,0.772,62.0,0.774,-0.199,
Egypt,2020,4.472,9.383,0.673,62.3,0.77,-0.112,
El Salvador,2015,6.018,9.005,0.791,65.2,0.733,-0.156,0.805
El Salvador,2016,6.14,9.025,0.794,65.5,0.8,-0.185,0.797
El Salvador,2017,6.339,9.042,0.829,65.8,0.758,-0.172,0.778
El Salvador,2018,6.241,9.061,0.82,66.1,0.863,-0.095,0.801
El Salvador,2019,6.455,9.08,0.764,66.4,0.877,-0.109,0.682
El Salvador,2020,5.462,9.019,0.696,66.7,0.924,-0.126,0.583
Estonia,2015,5.629,10.348,0.918,68.0,0.815,-0.164,0.569
Estonia,2016,5.65,10.374,0.938,68.2,0.843,-0.149,0.639
Estonia,2017,5.938,10.429,0.936,68.4,0.862,-0.101,0.668
Estonia,2018,6.091,10.472,0.933,68.6,0.886,-0.141,0.621
Estonia,2019,6.035,10.511,0.934,68.8,0.887,-0.096,0.576
Estonia,2020,6.453,10.459,0.958,69.0,0.954,-0.082,0.398
Ethiopia,2015,4.573,7.484,0.626,57.0,0.803,0.113,0.567
Ethiopia,2016,4.298,7.547,0.719,57.5,0.744,0.038,0.703
Ethiopia,2017,4.18,7.612,0.734,58.0,0.717,0.001,0.757
Ethiopia,2018,4.379,7.651,0.74,58.5,0.74,0.039,0.799
Ethiopia,2019,4.1,7.705,0.748,59.0,0.754,0.053,0.732
Ethiopia,2020,4.549,7.711,0.823,59.5,0.769,0.188,0.784
Finland,2015,7.448,10.716,0.948,71.6,0.93,0.111,0.223
Finland,2016,7.66,10.74,0.954,71.7,0.948,-0.027,0.25
Finland,2017,7.788,10.768,0.964,71.8,0.962,-0.002,0.192
Finland,2018,7.858,10.783,0.962,71.9,0.938,-0.127,0.199
Finland,2019,7.78,10.792,0.937,72.0,0.948,-0.052,0.195
Finland,2020,7.889,10.75,0.962,72.1,0.962,-0.116,0.164
France,2015,6.358,10.682,0.896,73.2,0.817,-0.139,0.641
France,2016,6.475,10.69,0.885,73.4,0.787,-0.091,0.623
France,2017,6.635,10.711,0.931,73.6,0.834,-0.123,0.601
France,2018,6.666,10.727,0.921,73.8,0.816,-0.138,0.582
France,2019,6.69,10.74,0.958,74.0,0.827,-0.133,0.568
France,2020,6.714,10.643,0.947,74.2,0.823,-0.169,0.565
Gabon,2015,4.661,9.649,0.756,58.2,0.671,-0.194,0.867
Gabon,2016,4.832,9.639,0.78,58.7,0.699,-0.204,0.817
Gabon,2017,4.782,9.616,0.807,59.2,0.652,-0.228,0.868
Gabon,2018,4.783,9.599,0.785,59.7,0.719,-0.197,0.823
Gabon,2019,4.914,9.607,0.763,60.2,0.736,-0.203,0.846
Gambia,2017,4.118,7.637,0.697,54.7,0.812,0.111,0.572
Gambia,2018,4.922,7.671,0.685,55.0,0.719,0.44,0.691
Gambia,2019,5.164,7.699,0.694,55.3,0.677,0.41,0.798
Georgia,2015,4.122,9.442,0.517,65.1,0.64,-0.205,0.502
Georgia,2016,4.448,9.47,0.533,64.9,0.606,-0.249,0.561
Georgia,2017,4.451,9.517,0.59,64.7,0.821,-0.244,0.59
Georgia,2018,4.659,9.565,0.617,64.5,0.775,-0.233,0.755
Georgia,2019,4.892,9.617,0.675,64.3,0.811,-0.26,0.647
Georgia,2020,5.123,9.569,0.718,64.1,0.764,-0.221,0.583
Germany,2015,7.037,10.844,0.926,71.3,0.889,0.178,0.412
Germany,2016,6.874,10.858,0.906,71.6,0.871,0.148,0.446
Germany,2017,7.074,10.878,0.892,71.9,0.841,0.145,0.414
Germany,2018,7.118,10.89,0.92,72.2,0.877,0.034,0.496
Germany,2019,7.035,10.893,0.886,72.5,0.885,0.057,0.462
Germany,2020,7.312,10.833,0.905,72.8,0.864,-0.06,0.424
Ghana,2015,3.986,8.449,0.687,56.0,0.852,-0.038,0.945
Ghana,2016,4.514,8.46,0.647,56.4,0.751,0.09,0.894
Ghana,2017,5.481,8.517,0.669,56.8,0.783,0.079,0.839
Ghana,2018,5.004,8.555,0.761,57.2,0.817,0.062,0.846
Ghana,2019,4.967,8.596,0.746,57.6,0.787,0.116,0.857
Ghana,2020,5.319,8.59,0.643,58.0,0.824,0.2,0.847
Greece,2015,5.623,10.259,0.835,71.8,0.532,-0.272,0.824
Greece,2016,5.303,10.261,0.803,72.0,0.482,-0.26,0.898
Greece,2017,5.148,10.278,0.753,72.2,0.438,-0.29,0.872
Greece,2018,5.409,10.299,0.794,72.4,0.564,-0.335,0.86
Greece,2019,5.952,10.319,0.891,72.6,0.614,-0.289,0.848
Greece,2020,5.788,10.215,0.779,72.8,0.565,-0.241,0.764
Guatemala,2015,6.465,9.003,0.823,63.9,0.869,0.051,0.822
Guatemala,2016,6.359,9.013,0.811,64.2,0.863,0.011,0.812
Guatemala,2017,6.325,9.026,0.826,64.5,0.915,-0.059,0.8
Guatemala,2018,6.627,9.042,0.841,64.8,0.91,-0.01,0.765
Guatemala,2019,6.262,9.064,0.774,65.1,0.901,-0.062,0.773
Guinea,2015,3.505,7.645,0.579,51.1,0.666,0.007,0.762
Guinea,2016,3.603,7.721,0.675,52.2,0.726,-0.056,0.803
Guinea,2017,4.874,7.792,0.634,53.3,0.738,0.038,0.75
Guinea,2018,5.252,7.823,0.63,54.4,0.731,0.092,0.778
Guinea,2019,4.768,7.849,0.655,55.5,0.691,0.097,0.756
Haiti,2015,3.57,7.476,0.564,55.1,0.398,0.306,0.777
Haiti,2016,3.352,7.477,0.584,55.3,0.304,0.291,0.839
Haiti,2017,3.824,7.475,0.647,55.5,0.484,0.381,0.647
Haiti,2018,3.615,7.477,0.538,55.7,0.591,0.422,0.72
Honduras,2015,4.845,8.572,0.772,66.6,0.534,-0.097,0.848
Honduras,2016,5.648,8.593,0.774,66.8,0.85,0.08,0.793
Honduras,2017,6.02,8.624,0.843,67.0,0.898,0.072,0.783
Honduras,2018,5.908,8.643,0.827,67.2,0.872,0.099,0.804
Honduras,2019,5.93,8.653,0.797,67.4,0.846,0.063,0.815
Hong Kong S.A.R. of China,2016,5.498,10.97,0.832,,0.8,0.1,0.403
Hong Kong S.A.R. of China,2017,5.362,11.0,0.831,,0.831,0.14,0.416
Hong Kong S.A.R. of China,2019,5.659,11.0,0.856,,0.727,0.067,0.432
Hong Kong S.A.R. of China,2020,5.295,,0.813,,0.705,,0.38
Hungary,2015,5.344,10.223,0.859,66.4,0.558,-0.198,0.908
Hungary,2016,5.449,10.248,0.9,66.8,0.554,-0.187,0.924
Hungary,2017,6.065,10.293,0.877,67.2,0.661,-0.139,0.886
Hungary,2018,5.936,10.344,0.941,67.6,0.693,-0.243,0.911
Hungary,2019,6.0,10.393,0.947,68.0,0.798,-0.195,0.884
Hungary,2020,6.038,10.335,0.943,68.4,0.771,-0.12,0.836
Iceland,2015,7.498,10.854,0.98,73.0,0.94,0.301,0.639
Iceland,2016,7.51,10.904,0.985,73.0,0.952,0.281,0.719
Iceland,2017,7.476,10.925,0.967,73.0,0.939,0.246,0.727
Iceland,2019,7.533,10.931,0.982,73.0,0.959,,0.699
Iceland,2020,7.575,10.824,0.983,73.0,0.949,0.16,0.644
India,2015,4.342,8.604,0.61,58.9,0.777,-0.005,0.776
India,2016,4.179,8.673,0.614,59.3,0.82,0.046,0.765
India,2017,4.046,8.73,0.607,59.7,0.886,-0.042,0.781
India,2018,3.818,8.779,0.638,60.1,0.89,0.085,0.805
India,2019,3.249,8.818,0.561,60.5,0.876,0.112,0.752
India,2020,4.225,8.703,0.617,60.9,0.906,0.075,0.78
Indonesia,2015,5.043,9.225,0.809,61.5,0.779,0.471,0.946
Indonesia,2016,5.136,9.262,0.792,61.7,0.83,0.5,0.89
Indonesia,2017,5.098,9.3,0.796,61.9,0.865,0.488,0.9
Indonesia,2018,5.34,9.339,0.809,62.1,0.879,0.512,0.868
Indonesia,2019,5.347,9.377,0.802,62.3,0.866,0.555,0.861
Iran,2015,4.75,9.449,0.572,65.1,0.78,0.176,0.699
Iran,2016,4.653,9.561,0.566,65.4,0.773,0.186,0.713
Iran,2017,4.717,9.584,0.714,65.7,0.731,0.218,0.715
Iran,2018,4.278,,0.674,66.0,0.603,,0.703
Iran,2019,5.006,,0.698,66.3,0.623,,0.728
Iran,2020,4.865,,0.757,66.6,0.6,,0.71
Iraq,2015,4.493,9.241,0.684,58.4,0.599,0.019,0.762
Iraq,2016,4.413,9.354,0.719,59.0,0.666,-0.052,0.799
Iraq,2017,4.462,9.303,0.695,59.6,0.628,0.0,0.757
Iraq,2018,4.886,9.274,0.764,60.2,0.598,-0.068,0.887
Iraq,2020,4.785,9.167,0.708,61.4,0.7,-0.021,0.849
Ireland,2015,6.83,11.174,0.953,72.0,0.892,0.233,0.409
Ireland,2016,7.041,11.199,0.958,72.1,0.875,0.174,0.399
Ireland,2017,7.06,11.266,0.943,72.2,0.905,0.216,0.337
Ireland,2018,6.962,11.332,0.938,72.3,0.861,0.144,0.362
Ireland,2019,7.255,11.371,0.944,72.4,0.892,0.074,0.373
Ireland,2020,7.035,11.323,0.96,72.5,0.882,0.014,0.356
Israel,2015,7.079,10.536,0.864,72.7,0.753,0.108,0.789
Israel,2016,7.159,10.555,0.89,72.9,0.772,0.153,0.804
Israel,2017,7.331,10.57,0.916,73.1,0.768,0.145,0.793
Israel,2018,6.927,10.585,0.91,73.3,0.725,0.055,0.77
Israel,2019,7.332,10.601,0.946,73.5,0.834,0.085,0.743
Israel,2020,7.195,10.538,0.959,73.7,0.831,-0.049,0.748
Italy,2015,5.848,10.608,0.909,73.0,0.575,-0.064,0.913
Italy,2016,5.955,10.622,0.927,73.2,0.624,-0.081,0.903
Italy,2017,6.199,10.64,0.92,73.4,0.633,-0.035,0.867
Italy,2018,6.517,10.65,0.913,73.6,0.65,-0.021,0.888
Italy,2019,6.445,10.655,0.838,73.8,0.709,-0.082,0.866
Italy,2020,6.488,10.563,0.89,74.0,0.718,-0.15,0.844
Ivory Coast,2015,4.445,8.393,0.704,47.7,0.8,-0.053,0.744
Ivory Coast,2016,4.543,8.437,0.617,48.3,0.769,-0.043,0.757
Ivory Coast,2017,5.038,8.483,0.661,48.9,0.732,-0.111,0.771
Ivory Coast,2018,5.268,8.523,0.621,49.5,0.713,-0.05,0.791
Ivory Coast,2019,5.392,8.564,0.679,50.1,0.736,-0.017,0.799
Ivory Coast,2020,5.257,8.565,0.613,50.7,0.77,0.016,0.777
Jamaica,2017,5.89,9.169,0.913,67.1,0.861,-0.13,0.883
Jamaica,2019,6.309,9.186,0.878,67.5,0.891,-0.137,0.885
Japan,2015,5.88,10.588,0.923,74.7,0.832,-0.155,0.654
Japan,2016,5.955,10.595,0.9,74.8,0.836,-0.062,0.698
Japan,2017,5.911,10.618,0.882,74.9,0.849,-0.206,0.659
Japan,2018,5.794,10.623,0.886,75.0,0.773,-0.261,0.687
Japan,2019,5.908,10.632,0.878,75.1,0.806,-0.255,0.617
Japan,2020,6.118,10.58,0.887,75.2,0.806,-0.259,0.609
Jordan,2015,5.405,9.207,0.83,66.2,0.767,-0.046,
Jordan,2016,5.271,9.197,0.82,66.4,0.771,-0.038,
Jordan,2017,4.808,9.194,0.815,66.6,0.766,-0.152,
Jordan,2018,4.639,9.196,0.8,66.8,0.762,-0.186,
Jordan,2019,4.453,9.201,0.793,67.0,0.726,-0.165,
Jordan,2020,4.094,9.15,0.709,67.2,0.779,-0.15,
Kazakhstan,2015,5.95,10.098,0.931,62.8,0.74,-0.037,0.714
Kazakhstan,2016,5.534,10.095,0.928,63.4,0.783,-0.036,0.702
Kazakhstan,2017,5.882,10.121,0.914,64.0,0.745,-0.035,0.755
Kazakhstan,2018,6.008,10.148,0.937,64.6,0.84,-0.098,0.824
Kazakhstan,2019,6.272,10.179,0.951,65.2,0.852,-0.055,0.708
Kazakhstan,2020,6.168,10.135,0.966,65.8,0.872,-0.056,0.661
Kenya,2015,4.358,8.249,0.777,58.3,0.793,0.221,0.853
Kenya,2016,4.396,8.282,0.706,58.9,0.749,0.298,0.828
Kenya,2017,4.476,8.306,0.715,59.5,0.853,0.234,0.854
Kenya,2018,4.656,8.344,0.707,60.1,0.821,0.291,0.844
Kenya,2019,4.619,8.373,0.676,60.7,0.818,0.31,0.794
Kenya,2020,4.547,8.365,0.674,61.3,0.702,0.26,0.837
Kosovo,2015,5.077,9.182,0.805,,0.561,0.181,0.851
Kosovo,2016,5.759,9.228,0.824,,0.827,0.125,0.941
Kosovo,2017,6.149,9.262,0.792,,0.858,0.117,0.925
Kosovo,2018,6.392,9.296,0.822,,0.89,0.269,0.922
Kosovo,2019,6.425,9.339,0.843,,0.841,0.247,0.92
Kosovo,2020,6.294,,0.792,,0.88,,0.91
Kuwait,2015,6.146,10.912,0.823,66.1,0.822,0.082,
Kuwait,2016,5.947,10.91,0.845,66.3,0.841,-0.075,
Kuwait,2017,6.094,10.837,0.853,66.5,0.884,-0.005,
Kuwait,2019,6.106,10.817,0.842,66.9,0.867,-0.104,
Kyrgyzstan,2015,4.905,8.477,0.857,63.2,0.813,0.2,0.858
Kyrgyzstan,2016,4.857,8.5,0.914,63.5,0.814,0.056,0.917
Kyrgyzstan,2017,5.63,8.526,0.883,63.8,0.859,0.143,0.874
Kyrgyzstan,2018,5.297,8.543,0.898,64.1,0.945,0.267,0.907
Kyrgyzstan,2019,5.685,8.567,0.877,64.4,0.92,-0.002,0.885
Kyrgyzstan,2020,6.25,8.503,0.902,64.7,0.935,0.103,0.931
Laos,2017,4.623,8.89,0.707,58.3,0.891,0.073,0.592
Laos,2018,4.859,8.935,0.705,58.7,0.907,0.141,0.634
Laos,2019,5.197,8.965,0.729,59.1,0.906,0.061,0.62
Laos,2020,5.284,8.96,0.66,59.5,0.915,0.141,0.748
Latvia,2015,5.881,10.185,0.879,65.9,0.656,-0.077,0.808
Latvia,2016,5.94,10.211,0.917,66.2,0.685,-0.156,0.868
Latvia,2017,5.978,10.257,0.895,66.5,0.7,-0.154,0.798
Latvia,2018,5.901,10.307,0.913,66.8,0.608,-0.212,0.799
Latvia,2019,5.97,10.336,0.936,67.1,0.698,-0.194,0.789
Latvia,2020,6.229,10.3,0.928,67.4,0.82,-0.078,0.809
Lebanon,2015,5.172,9.699,0.742,65.6,0.597,0.073,0.889
Lebanon,2016,5.271,9.687,0.828,66.1,0.657,0.031,0.853
Lebanon,2017,5.154,9.681,0.777,66.6,0.605,-0.074,0.911
Lebanon,2018,5.167,9.656,0.829,67.1,0.607,-0.066,0.907
Lebanon,2019,4.024,9.597,0.866,67.6,0.447,-0.081,0.89
Lesotho,2016,3.808,7.953,0.798,46.6,0.729,-0.099,0.743
Lesotho,2017,3.795,7.931,0.769,47.3,0.757,-0.145,0.797
Lesotho,2019,3.512,7.926,0.79,48.7,0.716,-0.131,0.915
Liberia,2015,2.702,7.365,0.638,53.7,0.671,-0.061,0.903
Liberia,2016,3.355,7.324,0.643,54.5,0.763,0.033,0.901
Liberia,2017,4.424,7.324,0.685,55.3,0.733,-0.012,0.867
Liberia,2018,4.135,7.311,0.727,56.1,0.766,0.05,0.868
Liberia,2019,5.121,7.264,0.712,56.9,0.706,0.051,0.828
Libya,2015,5.615,9.308,0.868,62.3,0.775,-0.044,
Libya,2016,5.434,9.268,0.876,62.3,0.822,-0.089,
Libya,2017,5.647,9.491,0.823,62.3,0.779,-0.019,0.673
Libya,2018,5.494,9.617,0.824,62.3,0.781,-0.101,0.646
Libya,2019,5.33,9.627,0.827,62.3,0.762,-0.073,0.686
Lithuania,2015,5.711,10.335,0.929,65.5,0.641,-0.254,0.924
Lithuania,2016,5.866,10.373,0.938,66.1,0.614,-0.266,0.949
Lithuania,2017,6.273,10.429,0.926,66.7,0.749,-0.174,0.79
Lithuania,2018,6.309,10.474,0.929,67.3,0.699,-0.237,0.852
Lithuania,2019,6.064,10.518,0.918,67.9,0.78,-0.251,0.783
Lithuania,2020,6.391,10.504,0.953,68.5,0.824,-0.122,0.829
Luxembourg,2015,6.702,11.617,0.934,72.6,0.932,0.052,0.375
Luxembourg,2016,6.967,11.64,0.941,72.6,0.882,0.019,0.356
Luxembourg,2017,7.061,11.634,0.905,72.6,0.903,0.044,0.33
Luxembourg,2018,7.243,11.645,0.902,72.6,0.884,-0.022,0.385
Luxembourg,2019,7.404,11.648,0.912,72.6,0.93,-0.045,0.39
Madagascar,2015,3.593,7.344,0.647,57.9,0.545,-0.041,0.861
Madagascar,2016,3.663,7.356,0.746,58.3,0.57,-0.069,0.864
Madagascar,2017,4.079,7.368,0.626,58.7,0.57,-0.033,0.847
Madagascar,2018,4.071,7.386,0.666,59.1,0.551,0.003,0.889
Madagascar,2019,4.339,7.406,0.701,59.5,0.55,-0.012,0.72
Malawi,2015,3.868,6.935,0.494,55.5,0.801,0.058,0.835
Malawi,2016,3.476,6.932,0.524,56.2,0.81,0.066,0.824
Malawi,2017,3.417,6.945,0.555,56.9,0.848,0.025,0.735
Malawi,2018,3.335,6.949,0.528,57.6,0.799,0.073,0.766
Malawi,2019,3.869,6.966,0.549,58.3,0.765,0.004,0.68
Malaysia,2015,6.322,10.118,0.818,66.4,0.675,0.222,0.838
Malaysia,2018,5.339,10.223,0.789,67.0,0.875,0.127,0.894
Malaysia,2019,5.428,10.252,0.842,67.2,0.916,0.123,0.782
Maldives,2018,5.198,9.826,0.913,70.6,0.855,0.024,
Mali,2015,4.582,7.669,0.83,50.2,0.634,-0.068,0.8
Mali,2016,4.016,7.695,0.836,50.7,0.696,-0.07,0.862
Mali,2017,4.742,7.718,0.741,51.2,0.753,-0.069,0.863
Mali,2018,4.416,7.733,0.692,51.7,0.737,-0.034,0.793
Mali,2019,4.988,7.752,0.755,52.2,0.67,-0.038,0.846
Malta,2015,6.613,10.566,0.919,72.2,0.912,0.347,0.664
Malta,2016,6.591,10.599,0.93,72.2,0.916,0.345,0.696
Malta,2017,6.676,10.635,0.937,72.2,0.924,0.253,0.69
Malta,2018,6.91,10.67,0.932,72.2,0.927,0.179,0.595
Malta,2019,6.733,10.677,0.922,72.2,0.924,0.087,0.689
Malta,2020,6.157,,0.938,72.2,0.931,,0.675
Mauritania,2015,3.923,8.542,0.875,56.1,0.447,0.055,0.715
Mauritania,2016,4.472,8.526,0.785,56.4,0.467,-0.175,0.842
Mauritania,2017,4.678,8.533,0.779,56.7,0.527,-0.153,0.777
Mauritania,2018,4.314,8.526,0.802,57.0,0.467,-0.112,0.711
Mauritania,2019,4.153,8.556,0.798,57.3,0.628,-0.102,0.743
Mauritius,2016,5.61,9.935,0.836,65.8,0.819,0.139,0.891
Mauritius,2017,6.174,9.972,0.91,66.1,0.912,0.087,0.818
Mauritius,2018,5.882,10.008,0.909,66.4,0.867,-0.073,0.785
Mauritius,2019,6.241,10.043,0.913,66.7,0.893,-0.053,0.81
Mauritius,2020,6.015,9.972,0.893,67.0,0.843,-0.037,0.772
Mexico,2015,6.236,9.867,0.761,67.4,0.719,-0.152,0.708
Mexico,2016,6.824,9.884,0.893,67.7,0.752,-0.153,0.809
Mexico,2017,6.41,9.893,0.8,68.0,0.861,-0.202,0.801
Mexico,2018,6.55,9.903,0.858,68.3,0.816,-0.179,0.809
Mexico,2019,6.432,9.891,0.852,68.6,0.903,-0.141,0.809
Mexico,2020,5.964,9.782,0.779,68.9,0.873,-0.119,0.778
Moldova,2015,6.017,9.246,0.84,62.9,0.595,-0.09,0.943
Moldova,2016,5.578,9.3,0.837,63.6,0.557,-0.047,0.969
Moldova,2017,5.326,9.363,0.831,64.3,0.553,-0.053,0.926
Moldova,2018,5.682,9.423,0.892,65.0,0.824,-0.084,0.929
Moldova,2019,5.803,9.475,0.809,65.7,0.784,-0.092,0.884
Moldova,2020,5.812,9.462,0.874,66.4,0.859,-0.058,0.941
Mongolia,2015,4.983,9.308,0.906,61.7,0.686,0.173,0.9
Mongolia,2016,5.057,9.3,0.947,61.9,0.76,0.09,0.9
Mongolia,2017,5.334,9.334,0.924,62.1,0.675,0.119,0.865
Mongolia,2018,5.465,9.386,0.942,62.3,0.696,0.054,0.849
Mongolia,2019,5.563,9.418,0.946,62.5,0.711,0.149,0.873
Mongolia,2020,6.011,9.396,0.918,62.7,0.718,0.141,0.843
Montenegro,2015,5.125,9.81,0.74,67.9,0.583,-0.144,0.781
Montenegro,2016,5.304,9.839,0.866,68.1,0.569,-0.087,0.849
Montenegro,2017,5.615,9.885,0.881,68.3,0.626,-0.083,0.756
Montenegro,2018,5.65,9.934,0.856,68.5,0.626,-0.051,0.769
Montenegro,2019,5.386,9.97,0.832,68.7,0.694,-0.105,0.82
Montenegro,2020,5.722,9.913,0.887,68.9,0.802,0.06,0.845
Morocco,2015,5.163,8.872,0.606,65.0,0.713,-0.228,0.842
Morocco,2016,5.386,8.869,0.655,65.3,0.817,-0.237,0.717
Morocco,2017,5.312,8.898,0.641,65.6,0.814,-0.216,0.841
Morocco,2018,4.897,8.914,0.554,65.9,0.773,-0.234,0.843
Morocco,2019,5.057,8.925,0.535,66.2,0.757,-0.244,0.757
Morocco,2020,4.803,8.871,0.553,66.5,0.819,-0.229,0.803
Mozambique,2015,4.55,7.141,0.666,51.2,0.813,0.089,0.632
Mozambique,2017,4.28,7.157,0.678,53.2,0.823,-0.03,0.682
Mozambique,2018,4.654,7.162,0.738,54.2,0.897,0.049,0.691
Mozambique,2019,4.932,7.155,0.742,55.2,0.87,0.073,0.682
Myanmar,2015,4.224,8.359,0.752,58.1,0.808,0.688,0.633
Myanmar,2016,4.623,8.408,0.793,58.4,0.877,0.679,0.607
Myanmar,2017,4.154,8.464,0.795,58.7,0.886,0.65,0.619
Myanmar,2018,4.411,8.523,0.774,59.0,0.906,0.49,0.647
Myanmar,2019,4.434,8.545,0.763,59.3,0.899,0.561,0.682
Myanmar,2020,4.431,8.554,0.796,59.6,0.825,0.47,0.647
Namibia,2017,4.441,9.215,0.828,56.2,0.81,-0.19,0.831
Namibia,2018,4.834,9.204,0.864,56.5,0.754,-0.169,0.846
Namibia,2019,4.436,9.173,0.845,56.8,0.739,-0.174,0.879
Namibia,2020,4.451,9.104,0.741,57.1,0.666,-0.104,0.81
Nepal,2015,4.812,7.976,0.748,60.2,0.763,0.227,0.824
Nepal,2016,5.1,7.973,0.837,61.3,0.839,0.168,0.817
Nepal,2017,4.737,8.039,0.816,62.4,0.845,0.134,0.77
Nepal,2018,4.91,8.087,0.768,63.5,0.77,0.122,0.742
Nepal,2019,5.449,8.136,0.772,64.6,0.79,0.167,0.712
Netherlands,2015,7.324,10.882,0.879,72.0,0.904,0.261,0.412
Netherlands,2016,7.541,10.899,0.926,72.1,0.907,0.239,0.433
Netherlands,2017,7.459,10.921,0.937,72.2,0.92,0.25,0.363
Netherlands,2018,7.463,10.941,0.939,72.3,0.92,0.161,0.371
Netherlands,2019,7.425,10.953,0.941,72.4,0.886,0.213,0.36
Netherlands,2020,7.504,10.901,0.944,72.5,0.935,0.151,0.281
New Zealand,2015,7.418,10.608,0.987,72.6,0.942,0.329,0.186
New Zealand,2016,7.226,10.623,0.937,72.8,0.927,0.266,0.278
New Zealand,2017,7.327,10.633,0.955,73.0,0.942,0.294,0.222
New Zealand,2018,7.37,10.66,0.954,73.2,0.949,0.12,0.207
New Zealand,2019,7.205,10.666,0.939,73.4,0.912,0.157,0.234
New Zealand,2020,7.257,10.6,0.952,73.6,0.918,0.125,0.283
Nicaragua,2015,5.924,8.636,0.827,66.6,0.809,0.077,0.728
Nicaragua,2016,6.013,8.668,0.853,66.9,0.717,0.039,0.731
Nicaragua,2017,6.476,8.7,0.838,67.2,0.922,0.01,0.673
Nicaragua,2018,5.819,8.647,0.854,67.5,0.797,0.009,0.713
Nicaragua,2019,6.113,8.595,0.874,67.8,0.883,0.029,0.622
Niger,2015,3.671,7.03,0.713,52.0,0.728,-0.032,0.703
Niger,2016,4.235,7.047,0.683,52.5,0.702,-0.016,0.814
Niger,2017,4.616,7.058,0.582,53.0,0.684,-0.03,0.778
Niger,2018,5.164,7.087,0.612,53.5,0.791,0.009,0.637
Niger,2019,5.004,7.106,0.677,54.0,0.831,0.026,0.729
Nigeria,2015,4.933,8.615,0.812,48.5,0.68,-0.035,0.926
Nigeria,2016,5.22,8.573,0.805,48.9,0.798,0.043,0.905
Nigeria,2017,5.322,8.555,0.733,49.3,0.826,0.124,0.835
Nigeria,2018,5.252,8.548,0.741,49.7,0.79,-0.01,0.866
Nigeria,2019,4.356,8.544,0.734,50.1,0.729,0.032,0.873
Nigeria,2020,5.503,8.484,0.739,50.5,0.713,0.099,0.913
North Cyprus,2015,5.843,,0.791,,0.785,,0.659
North Cyprus,2016,5.827,,0.808,,0.796,,0.67
North Cyprus,2018,5.608,,0.837,,0.797,,0.614
North Cyprus,2019,5.467,,0.803,,0.793,,0.64
North Macedonia,2015,4.976,9.613,0.766,65.145,0.66,-0.047,0.824
North Macedonia,2016,5.346,9.64,0.871,65.225,0.706,0.08,0.87
North Macedonia,2017,5.234,9.65,0.8,65.303,0.752,-0.059,0.856
North Macedonia,2018,5.24,9.677,0.849,65.389,0.745,-0.041,0.91
North Macedonia,2019,5.015,9.711,0.815,65.474,0.725,0.024,0.923
North Macedonia,2020,5.054,9.69,0.75,65.56,0.787,0.131,0.877
Norway,2015,7.603,11.033,0.947,72.9,0.948,0.257,0.299
Norway,2016,7.596,11.035,0.96,73.0,0.954,0.133,0.41
Norway,2017,7.579,11.05,0.95,73.1,0.953,0.236,0.25
Norway,2018,7.444,11.056,0.966,73.2,0.96,0.094,0.268
Norway,2019,7.442,11.061,0.942,73.3,0.954,0.111,0.271
Norway,2020,7.29,11.042,0.956,73.4,0.965,0.075,0.271
Pakistan,2015,4.823,8.361,0.562,57.3,0.587,0.085,0.717
Pakistan,2016,5.549,8.394,0.627,57.7,0.634,0.095,0.793
Pakistan,2017,5.831,8.428,0.69,58.1,0.713,0.045,0.714
Pakistan,2018,5.472,8.464,0.685,58.5,0.773,0.069,0.799
Pakistan,2019,4.443,8.453,0.617,58.9,0.685,0.124,0.776
Palestinian Territories,2015,4.695,8.48,0.766,,0.556,-0.153,0.774
Palestinian Territories,2016,4.907,8.498,0.818,,0.608,-0.129,0.812
Palestinian Territories,2017,4.628,8.485,0.824,,0.632,-0.163,0.831
Palestinian Territories,2018,4.554,,0.819,,0.655,,0.814
Palestinian Territories,2019,4.483,,0.833,,0.653,,0.829
Panama,2015,6.606,10.255,0.883,69.3,0.847,-0.007,0.81
Panama,2016,6.118,10.287,0.882,69.4,0.884,-0.102,0.837
Panama,2017,6.568,10.324,0.912,69.5,0.9,-0.17,0.841
Panama,2018,6.281,10.343,0.904,69.6,0.861,-0.131,0.837
Panama,2019,6.086,10.356,0.886,69.7,0.883,-0.199,0.869
Paraguay,2015,5.56,9.377,0.914,65.1,0.806,-0.008,0.863
Paraguay,2016,5.801,9.406,0.94,65.3,0.854,-0.071,0.756
Paraguay,2017,5.713,9.441,0.902,65.5,0.891,0.003,0.81
Paraguay,2019,5.653,9.448,0.892,65.9,0.876,0.028,0.882
Peru,2015,5.577,9.402,0.798,67.2,0.802,-0.09,0.884
Peru,2016,5.701,9.426,0.803,67.5,0.83,-0.134,0.866
Peru,2017,5.711,9.434,0.83,67.8,0.827,-0.154,0.895
Peru,2018,5.68,9.456,0.845,68.1,0.83,-0.178,0.906
Peru,2019,5.999,9.461,0.809,68.4,0.815,-0.13,0.874
Philippines,2015,5.547,8.896,0.854,61.6,0.912,-0.051,0.755
Philippines,2016,5.431,8.95,0.821,61.7,0.908,-0.071,0.792
Philippines,2017,5.594,9.002,0.851,61.8,0.926,-0.141,0.711
Philippines,2018,5.869,9.05,0.846,61.9,0.918,-0.108,0.726
Philippines,2019,6.268,9.095,0.845,62.0,0.91,-0.083,0.748
Philippines,2020,5.08,9.061,0.781,62.1,0.932,-0.116,0.744
Poland,2015,6.007,10.235,0.893,68.1,0.793,-0.093,0.81
Poland,2016,6.162,10.266,0.917,68.5,0.871,-0.091,0.848
Poland,2017,6.201,10.314,0.882,68.9,0.831,-0.122,0.639
Poland,2018,6.111,10.366,0.863,69.3,0.87,-0.254,0.72
Poland,2019,6.242,10.407,0.878,69.7,0.883,-0.231,0.696
Poland,2020,6.139,10.371,0.953,70.1,0.767,-0.007,0.787
Portugal,2015,5.081,10.347,0.866,71.8,0.8,-0.163,0.941
Portugal,2016,5.447,10.37,0.905,72.0,0.838,-0.225,0.922
Portugal,2017,5.711,10.407,0.9,72.2,0.905,-0.176,0.881
Portugal,2018,5.92,10.434,0.887,72.4,0.877,-0.261,0.88
Portugal,2019,6.095,10.457,0.876,72.6,0.882,-0.234,0.915
Portugal,2020,5.768,10.371,0.875,72.8,0.913,-0.238,0.867
Qatar,2015,6.375,11.486,,68.3,,,
Romania,2015,5.777,10.083,0.787,66.3,0.796,-0.141,0.962
Romania,2016,5.969,10.136,0.809,66.6,0.822,-0.115,0.949
Romania,2017,6.09,10.211,0.811,66.9,0.839,-0.16,0.926
Romania,2018,6.151,10.26,0.818,67.2,0.845,-0.217,0.921
Romania,2019,6.13,10.306,0.842,67.5,0.848,-0.221,0.954
Russia,2015,5.996,10.149,0.924,63.1,0.685,-0.171,0.913
Russia,2016,5.855,10.149,0.911,63.5,0.714,-0.181,0.925
Russia,2017,5.579,10.166,0.896,63.9,0.731,-0.145,0.862
Russia,2018,5.514,10.191,0.909,64.3,0.729,-0.147,0.865
Russia,2019,5.441,10.205,0.91,64.7,0.715,-0.116,0.848
Russia,2020,5.495,10.162,0.887,65.1,0.714,-0.071,0.823
Rwanda,2015,3.483,7.544,0.678,59.3,0.908,0.025,0.095
Rwanda,2016,3.333,7.576,0.665,59.9,0.911,0.025,0.159
Rwanda,2017,3.108,7.588,0.517,60.5,0.908,0.051,0.214
Rwanda,2018,3.561,7.644,0.616,61.1,0.924,0.057,0.164
Rwanda,2019,3.268,7.708,0.489,61.7,0.869,0.064,0.168
Saudi Arabia,2015,6.345,10.798,0.82,65.4,0.82,-0.045,
Saudi Arabia,2016,6.474,10.792,0.89,65.7,0.774,-0.132,
Saudi Arabia,2017,6.294,10.764,0.84,66.0,0.814,-0.131,
Saudi Arabia,2018,6.356,10.771,0.868,66.3,0.855,-0.192,
Saudi Arabia,2019,6.561,10.757,0.912,66.6,0.891,-0.147,
Saudi Arabia,2020,6.56,10.701,0.89,66.9,0.884,-0.111,
Senegal,2015,4.617,7.995,0.702,58.4,0.72,-0.111,0.765
Senegal,2016,4.595,8.029,0.839,58.8,0.744,-0.086,0.794
Senegal,2017,4.683,8.072,0.744,59.2,0.687,-0.044,0.825
Senegal,2018,4.769,8.106,0.739,59.6,0.629,-0.074,0.805
Senegal,2019,5.489,8.13,0.688,60.0,0.759,-0.019,0.796
Serbia,2015,5.318,9.649,0.816,67.0,0.546,-0.062,0.859
Serbia,2016,5.753,9.688,0.895,67.4,0.614,-0.068,0.89
Serbia,2017,5.122,9.713,0.884,67.8,0.685,-0.077,0.851
Serbia,2018,5.936,9.762,0.853,68.2,0.74,-0.1,0.864
Serbia,2019,6.241,9.808,0.903,68.6,0.753,-0.04,0.813
Serbia,2020,6.042,9.788,0.852,69.0,0.843,0.149,0.824
Sierra Leone,2015,4.909,7.347,0.611,46.0,0.624,0.05,0.825
Sierra Leone,2016,4.733,7.384,0.657,47.6,0.681,0.106,0.863
Sierra Leone,2017,4.09,7.404,0.652,49.2,0.711,0.079,0.848
Sierra Leone,2018,4.306,7.417,0.65,50.8,0.716,0.095,0.856
Sierra Leone,2019,3.447,7.449,0.611,52.4,0.718,0.074,0.874
Singapore,2015,6.62,11.4,0.866,75.9,0.887,0.15,0.099
Singapore,2016,6.033,11.419,0.925,76.2,0.904,0.143,0.047
Singapore,2017,6.378,11.461,0.897,76.5,0.926,0.136,0.162
Singapore,2018,6.375,11.49,0.903,76.8,0.916,-0.066,0.097
Singapore,2019,6.378,11.486,0.925,77.1,0.938,0.027,0.07
Slovakia,2015,6.162,10.291,0.943,68.0,0.587,-0.128,0.928
Slovakia,2016,5.993,10.31,0.945,68.3,0.7,-0.061,0.917
Slovakia,2017,6.366,10.339,0.913,68.6,0.714,-0.055,0.92
Slovakia,2018,6.235,10.376,0.922,68.9,0.758,-0.167,0.91
Slovakia,2019,6.243,10.398,0.933,69.2,0.771,-0.129,0.926
Slovakia,2020,6.519,10.332,0.954,69.5,0.762,-0.075,0.901
Slovenia,2015,5.741,10.433,0.901,70.2,0.896,0.008,0.892
Slovenia,2016,5.937,10.463,0.934,70.5,0.904,-0.055,0.838
Slovenia,2017,6.167,10.509,0.928,70.8,0.921,-0.025,0.829
Slovenia,2018,6.249,10.546,0.941,71.1,0.942,-0.119,0.839
Slovenia,2019,6.665,10.563,0.949,71.4,0.945,-0.102,0.785
Slovenia,2020,6.462,10.478,0.953,71.7,0.958,-0.081,0.797
Somalia,2015,5.354,,0.599,50.1,0.968,,0.41
Somalia,2016,4.668,,0.594,50.0,0.917,,0.441
South Africa,2015,4.887,9.46,0.898,55.3,0.862,-0.127,0.853
South Africa,2016,4.77,9.45,0.875,55.7,0.774,-0.07,0.813
South Africa,2017,4.514,9.45,0.87,56.1,0.787,-0.129,0.865
South Africa,2018,4.884,9.444,0.841,56.5,0.753,-0.05,0.841
South Africa,2019,5.035,9.432,0.848,56.9,0.738,-0.134,0.82
South Africa,2020,4.947,9.332,0.891,57.3,0.757,-0.015,0.912
South Korea,2015,5.78,10.568,0.768,72.7,0.616,-0.036,0.841
South Korea,2016,5.971,10.593,0.811,73.0,0.591,0.026,0.862
South Korea,2017,5.874,10.621,0.807,73.3,0.538,0.014,0.851
South Korea,2018,5.84,10.643,0.798,73.6,0.6,-0.089,0.797
South Korea,2019,5.903,10.661,0.783,73.9,0.706,-0.055,0.718
South Korea,2020,5.793,10.648,0.808,74.2,0.711,-0.106,0.665
South Sudan,2015,4.071,,0.585,50.2,0.512,,0.71
South Sudan,2016,2.888,,0.532,50.6,0.44,,0.785
South Sudan,2017,2.817,,0.557,51.0,0.456,,0.761
Spain,2015,6.381,10.531,0.956,73.5,0.732,-0.072,0.822
Spain,2016,6.319,10.56,0.942,73.8,0.768,-0.048,0.819
Spain,2017,6.23,10.586,0.903,74.1,0.756,-0.032,0.791
Spain,2018,6.513,10.605,0.91,74.4,0.722,-0.075,0.777
Spain,2019,6.457,10.618,0.949,74.7,0.778,-0.049,0.73
Spain,2020,6.502,10.488,0.935,75.0,0.783,-0.121,0.73
Sri Lanka,2015,4.612,9.383,0.863,66.6,0.902,0.319,0.859
Sri Lanka,2017,4.331,9.44,0.823,67.0,0.827,0.094,0.844
Sri Lanka,2018,4.435,9.462,0.833,67.2,0.859,0.106,0.856
Sri Lanka,2019,4.213,9.479,0.815,67.4,0.824,0.051,0.863
Swaziland,2018,4.212,9.06,0.779,50.353,0.71,-0.178,0.692
Swaziland,2019,4.396,9.07,0.759,51.27,0.597,-0.191,0.724
Sweden,2015,7.289,10.853,0.929,72.3,0.935,0.211,0.232
Sweden,2016,7.369,10.861,0.912,72.4,0.918,0.146,0.246
Sweden,2017,7.287,10.873,0.914,72.5,0.935,0.17,0.239
Sweden,2018,7.375,10.881,0.931,72.6,0.942,0.077,0.263
Sweden,2019,7.398,10.882,0.934,72.7,0.942,0.091,0.25
Sweden,2020,7.314,10.838,0.936,72.8,0.951,0.091,0.203
Switzerland,2015,7.572,11.1,0.938,73.2,0.928,0.109,0.21
Switzerland,2016,7.459,11.106,0.928,73.5,0.934,0.088,0.302
Switzerland,2017,7.474,11.115,0.95,73.8,0.925,0.18,0.316
Switzerland,2018,7.509,11.134,0.93,74.1,0.926,0.101,0.301
Switzerland,2019,7.694,11.136,0.949,74.4,0.913,0.036,0.294
Switzerland,2020,7.508,11.081,0.946,74.7,0.917,-0.064,0.28
Syria,2015,3.462,8.442,0.464,55.2,0.448,0.045,0.685
Taiwan Province of China,2015,6.45,10.842,0.885,,0.701,0.019,0.857
Taiwan Province of China,2016,6.513,10.855,0.895,,0.719,-0.049,0.811
Taiwan Province of China,2017,6.359,10.871,0.891,,0.76,-0.07,0.743
Taiwan Province of China,2018,6.467,,0.896,,0.741,,0.736
Taiwan Province of China,2019,6.537,,0.893,,0.814,,0.718
Taiwan Province of China,2020,6.751,,0.901,,0.799,,0.711
Tajikistan,2015,5.124,7.945,0.844,63.2,0.847,0.022,0.742
Tajikistan,2016,5.104,7.987,0.857,63.5,0.703,0.01,0.632
Tajikistan,2017,5.829,8.036,0.663,63.8,0.832,0.124,0.718
Tajikistan,2018,5.497,8.082,0.875,64.1,,-0.065,0.578
Tajikistan,2019,5.464,8.126,0.88,64.4,,-0.045,0.49
Tajikistan,2020,5.373,8.08,0.79,64.7,,-0.04,0.55
Tanzania,2015,3.661,7.764,0.79,56.0,0.759,0.149,0.906
Tanzania,2016,2.903,7.8,0.638,56.5,0.775,0.179,0.739
Tanzania,2017,3.347,7.836,0.705,57.0,0.8,0.116,0.654
Tanzania,2018,3.445,7.859,0.675,57.5,0.807,0.153,0.612
Tanzania,2019,3.64,7.886,0.687,58.0,0.85,0.1,0.589
Tanzania,2020,3.786,7.881,0.74,58.5,0.83,0.295,0.521
Thailand,2015,6.202,9.699,0.866,66.6,0.885,0.316,0.914
Thailand,2016,6.074,9.729,0.908,66.8,0.924,0.356,0.878
Thailand,2017,5.939,9.765,0.877,67.0,0.923,0.212,0.884
Thailand,2018,6.012,9.803,0.873,67.2,0.905,0.259,0.907
Thailand,2019,6.022,9.824,0.903,67.4,0.898,0.309,0.877
Thailand,2020,5.885,9.769,0.867,67.6,0.84,0.273,0.918
Togo,2015,3.768,7.277,0.479,53.5,0.772,-0.069,0.733
Togo,2016,3.879,7.306,0.509,53.9,0.73,-0.007,0.815
Togo,2017,4.361,7.324,0.508,54.3,0.717,-0.042,0.726
Togo,2018,4.023,7.348,0.596,54.7,0.612,-0.007,0.809
Togo,2019,4.179,7.375,0.539,55.1,0.617,0.065,0.737
Trinidad and Tobago,2017,6.192,10.183,0.916,63.5,0.859,0.015,0.911
Tunisia,2015,5.132,9.261,0.609,66.0,0.711,-0.226,0.815
Tunisia,2016,4.521,9.262,0.702,66.3,0.614,-0.165,0.811
Tunisia,2017,4.124,9.269,0.717,66.6,0.478,-0.219,0.869
Tunisia,2018,4.741,9.284,0.733,66.9,0.65,-0.191,0.84
Tunisia,2019,4.315,9.283,0.61,67.2,0.659,-0.209,0.889
Tunisia,2020,4.731,9.231,0.719,67.5,0.668,-0.202,0.877
Turkey,2015,5.514,10.166,0.851,65.6,0.653,-0.016,0.806
Turkey,2016,5.326,10.181,0.88,66.0,0.644,-0.065,0.764
Turkey,2017,5.607,10.238,0.876,66.4,0.644,-0.237,0.671
Turkey,2018,5.186,10.251,0.847,66.8,0.529,-0.176,0.805
Turkey,2019,4.872,10.246,0.792,67.2,0.631,-0.136,0.76
Turkey,2020,4.862,10.219,0.857,67.6,0.51,-0.111,0.774
Turkmenistan,2015,5.791,9.472,0.96,61.0,0.701,0.093,
Turkmenistan,2016,5.887,9.515,0.929,61.4,0.749,0.005,
Turkmenistan,2017,5.229,9.561,0.908,61.8,0.72,0.066,
Turkmenistan,2018,4.621,9.605,0.984,62.2,0.858,0.26,
Turkmenistan,2019,5.474,9.651,0.982,62.6,0.892,0.285,
Uganda,2015,4.238,7.627,0.747,54.5,0.758,0.135,0.873
Uganda,2016,4.233,7.637,0.754,54.9,0.739,0.132,0.811
Uganda,2017,4.001,7.638,0.74,55.3,0.772,0.06,0.816
Uganda,2018,4.322,7.66,0.74,55.7,0.729,0.079,0.856
Uganda,2019,4.948,7.688,0.805,56.1,0.704,0.139,0.826
Uganda,2020,4.641,7.684,0.8,56.5,0.687,0.147,0.878
Ukraine,2015,3.965,9.327,0.909,63.7,0.431,-0.033,0.952
Ukraine,2016,4.029,9.353,0.885,64.0,0.503,0.011,0.891
Ukraine,2017,4.311,9.382,0.858,64.3,0.599,-0.002,0.937
Ukraine,2018,4.662,9.42,0.901,64.6,0.663,-0.074,0.943
Ukraine,2019,4.702,9.458,0.883,64.9,0.715,-0.081,0.885
Ukraine,2020,5.27,9.428,0.885,65.2,0.784,0.126,0.946
United Arab Emirates,2015,6.568,11.086,0.824,66.5,0.915,0.201,
United Arab Emirates,2016,6.831,11.105,0.849,66.7,0.949,0.131,
United Arab Emirates,2017,7.039,11.115,0.836,66.9,0.962,0.216,
United Arab Emirates,2018,6.604,11.112,0.851,67.1,0.944,0.054,
United Arab Emirates,2019,6.711,11.114,0.862,67.3,0.911,0.129,
United Arab Emirates,2020,6.458,11.053,0.827,67.5,0.942,0.06,
United Kingdom,2015,6.515,10.712,0.936,71.7,0.833,0.3,0.456
United Kingdom,2016,6.824,10.724,0.954,71.9,0.821,0.25,0.458
United Kingdom,2017,7.103,10.736,0.937,72.1,0.813,0.291,0.419
United Kingdom,2018,7.233,10.743,0.928,72.3,0.838,0.226,0.404
United Kingdom,2019,7.157,10.751,0.943,72.5,0.854,0.271,0.485
United Kingdom,2020,6.798,10.626,0.929,72.7,0.885,0.203,0.49
United States,2015,6.864,10.977,0.904,68.6,0.849,0.219,0.698
United States,2016,6.804,10.986,0.897,68.5,0.758,0.144,0.739
United States,2017,6.992,11.001,0.921,68.4,0.868,0.197,0.681
United States,2018,6.883,11.025,0.904,68.3,0.825,0.116,0.71
United States,2019,6.944,11.043,0.917,68.2,0.836,0.144,0.707
United States,2020,7.028,11.001,0.937,68.1,0.85,0.034,0.678
Uruguay,2015,6.628,9.932,0.891,68.7,0.917,-0.032,0.673
Uruguay,2016,6.171,9.946,0.9,68.8,0.886,-0.072,0.676
Uruguay,2017,6.336,9.968,0.914,68.9,0.898,-0.091,0.627
Uruguay,2018,6.372,9.98,0.917,69.0,0.876,-0.097,0.683
Uruguay,2019,6.6,9.979,0.933,69.1,0.903,-0.095,0.599
Uruguay,2020,6.31,9.937,0.921,69.2,0.908,-0.084,0.491
Uzbekistan,2015,5.972,8.714,0.968,64.2,0.98,0.375,0.471
Uzbekistan,2016,5.893,8.756,0.945,64.5,0.984,0.208,
Uzbekistan,2017,6.421,8.782,0.942,64.8,0.985,0.123,0.465
Uzbekistan,2018,6.205,8.818,0.921,65.1,0.97,0.318,0.52
Uzbekistan,2019,6.154,8.853,0.915,65.4,0.97,0.304,0.511
Venezuela,2015,5.569,9.001,0.911,65.9,0.512,-0.117,0.813
Venezuela,2016,4.041,9.01,0.902,66.1,0.458,-0.155,0.89
Venezuela,2017,5.071,9.073,0.896,66.3,0.636,-0.169,0.844
Venezuela,2018,5.006,,0.887,66.5,0.611,,0.828
Venezuela,2019,5.081,,0.888,66.7,0.626,,0.839
Venezuela,2020,4.574,,0.805,66.9,0.612,,0.811
Vietnam,2015,5.076,8.77,0.849,67.3,,0.086,
Vietnam,2016,5.062,8.82,0.876,67.5,0.894,-0.09,0.799
Vietnam,2017,5.175,8.876,,67.7,,,
Vietnam,2018,5.296,8.934,0.832,67.9,0.909,-0.041,0.808
Vietnam,2019,5.467,8.992,0.848,68.1,0.952,-0.126,0.788
Yemen,2015,2.983,7.858,0.669,54.3,0.61,-0.139,0.829
Yemen,2016,3.826,7.715,0.775,55.1,0.533,-0.151,
Yemen,2017,3.254,7.578,0.79,55.9,0.595,-0.147,
Yemen,2018,3.058,,0.789,56.7,0.553,,0.793
Yemen,2019,4.197,,0.87,57.5,0.651,,0.798
Zambia,2015,4.843,8.144,0.691,53.8,0.759,-0.039,0.871
Zambia,2016,4.348,8.151,0.767,54.3,0.812,0.122,0.771
Zambia,2017,3.933,8.156,0.744,54.8,0.823,0.14,0.74
Zambia,2018,4.041,8.167,0.718,55.3,0.791,0.048,0.811
Zambia,2019,3.307,8.155,0.638,55.8,0.811,0.077,0.832
Zambia,2020,4.838,8.117,0.767,56.3,0.75,0.056,0.81
Zimbabwe,2015,3.703,7.992,0.736,53.8,0.667,-0.123,0.81
Zimbabwe,2016,3.735,7.984,0.768,54.4,0.733,-0.095,0.724
Zimbabwe,2017,3.638,8.016,0.754,55.0,0.753,-0.098,0.751
Zimbabwe,2018,3.616,8.049,0.775,55.6,0.763,-0.068,0.844
Zimbabwe,2019,2.694,7.95,0.759,56.2,0.632,-0.064,0.831
Zimbabwe,2020,3.16,7.829,0.717,56.8,0.643,-0.009,0.789
Finland,2021,7.842,10.775,0.954,72.0,0.949,-0.098,0.186
Denmark,2021,7.62,10.933,0.954,72.7,0.946,0.03,0.179
Switzerland,2021,7.571,11.117,0.942,74.4,0.919,0.025,0.292
Iceland,2021,7.554,10.878,0.983,73.0,0.955,0.16,0.673
Netherlands,2021,7.464,10.932,0.942,72.4,0.913,0.175,0.338
Norway,2021,7.392,11.053,0.954,73.3,0.96,0.093,0.27
Sweden,2021,7.363,10.867,0.934,72.7,0.945,0.086,0.237
Luxembourg,2021,7.324,11.647,0.908,72.6,0.907,-0.034,0.386
New Zealand,2021,7.277,10.643,0.948,73.4,0.929,0.134,0.242
Austria,2021,7.268,10.906,0.934,73.3,0.908,0.042,0.481
Australia,2021,7.183,10.796,0.94,73.9,0.914,0.159,0.442
Israel,2021,7.157,10.575,0.939,73.503,0.8,0.031,0.753
Germany,2021,7.155,10.873,0.903,72.5,0.875,0.011,0.46
Canada,2021,7.103,10.776,0.926,73.8,0.915,0.089,0.415
Ireland,2021,7.085,11.342,0.947,72.4,0.879,0.077,0.363
Costa Rica,2021,7.069,9.88,0.891,71.4,0.934,-0.126,0.809
United Kingdom,2021,7.064,10.707,0.934,72.5,0.859,0.233,0.459
Czech Republic,2021,6.965,10.556,0.947,70.807,0.858,-0.208,0.868
United States,2021,6.951,11.023,0.92,68.2,0.837,0.098,0.698
Belgium,2021,6.834,10.823,0.906,72.199,0.783,-0.153,0.646
France,2021,6.69,10.704,0.942,74.0,0.822,-0.147,0.571
Bahrain,2021,6.647,10.669,0.862,69.495,0.925,0.089,0.722
Malta,2021,6.602,10.674,0.931,72.2,0.927,0.133,0.653
Taiwan Province of China,2021,6.584,10.871,0.898,69.6,0.784,-0.07,0.721
United Arab Emirates,2021,6.561,11.085,0.844,67.333,0.932,0.074,0.589
Saudi Arabia,2021,6.494,10.743,0.891,66.603,0.877,-0.149,0.684
Spain,2021,6.491,10.571,0.932,74.7,0.761,-0.081,0.745
Italy,2021,6.483,10.623,0.88,73.8,0.693,-0.084,0.866
Slovenia,2021,6.461,10.529,0.948,71.4,0.949,-0.101,0.806
Guatemala,2021,6.435,9.053,0.813,64.958,0.906,-0.038,0.775
Uruguay,2021,6.431,9.966,0.925,69.1,0.896,-0.092,0.59
Singapore,2021,6.377,11.488,0.915,76.953,0.927,-0.018,0.082
Kosovo,2021,6.372,9.318,0.821,63.813,0.869,0.257,0.917
Slovakia,2021,6.331,10.369,0.936,69.201,0.766,-0.124,0.911
Brazil,2021,6.33,9.577,0.882,66.601,0.804,-0.071,0.756
Mexico,2021,6.317,9.859,0.831,68.597,0.862,-0.147,0.799
Jamaica,2021,6.309,9.186,0.877,67.5,0.89,-0.137,0.884
Lithuania,2021,6.255,10.499,0.935,67.906,0.773,-0.203,0.826
Cyprus,2021,6.223,10.576,0.802,73.898,0.763,-0.015,0.844
Estonia,2021,6.189,10.481,0.941,68.8,0.909,-0.106,0.527
Panama,2021,6.18,10.35,0.896,69.652,0.872,-0.166,0.856
Uzbekistan,2021,6.179,8.836,0.918,65.255,0.97,0.311,0.515
Chile,2021,6.172,10.071,0.882,70.0,0.742,-0.044,0.83
Poland,2021,6.166,10.382,0.898,69.702,0.841,-0.165,0.735
Kazakhstan,2021,6.152,10.155,0.952,65.2,0.853,-0.069,0.733
Romania,2021,6.14,10.284,0.832,67.355,0.845,-0.219,0.938
Kuwait,2021,6.106,10.817,0.843,66.9,0.867,-0.104,0.736
Serbia,2021,6.078,9.787,0.873,68.6,0.778,0.002,0.835
El Salvador,2021,6.061,9.054,0.762,66.402,0.888,-0.11,0.688
Mauritius,2021,6.049,10.008,0.905,66.701,0.867,-0.054,0.789
Latvia,2021,6.032,10.315,0.927,67.1,0.715,-0.162,0.8
Colombia,2021,6.012,9.557,0.847,68.001,0.837,-0.135,0.841
Hungary,2021,5.992,10.358,0.943,68.0,0.755,-0.186,0.876
Thailand,2021,5.985,9.805,0.888,67.401,0.884,0.287,0.895
Nicaragua,2021,5.972,8.62,0.864,67.657,0.836,0.02,0.664
Japan,2021,5.94,10.611,0.884,75.1,0.796,-0.258,0.638
Argentina,2021,5.929,9.962,0.898,69.0,0.828,-0.182,0.834
Portugal,2021,5.929,10.421,0.879,72.6,0.892,-0.244,0.887
Honduras,2021,5.919,8.648,0.812,67.3,0.857,0.081,0.809
Croatia,2021,5.882,10.217,0.924,70.799,0.754,-0.118,0.939
Philippines,2021,5.88,9.076,0.83,62.0,0.917,-0.097,0.742
South Korea,2021,5.845,10.651,0.799,73.9,0.672,-0.083,0.727
Peru,2021,5.84,9.458,0.832,68.25,0.822,-0.154,0.891
Bosnia and Herzegovina,2021,5.813,9.59,0.87,68.098,0.706,0.113,0.931
Moldova,2021,5.766,9.454,0.857,65.699,0.822,-0.079,0.918
Ecuador,2021,5.764,9.313,0.821,68.8,0.842,-0.124,0.843
Kyrgyzstan,2021,5.744,8.538,0.893,64.401,0.935,0.119,0.908
Greece,2021,5.723,10.279,0.823,72.6,0.582,-0.288,0.823
Bolivia,2021,5.716,9.046,0.81,63.901,0.875,-0.077,0.839
Mongolia,2021,5.677,9.4,0.935,62.5,0.708,0.116,0.856
Paraguay,2021,5.653,9.448,0.893,65.9,0.876,0.028,0.882
Montenegro,2021,5.581,9.94,0.858,68.699,0.708,-0.034,0.812
Dominican Republic,2021,5.545,9.802,0.853,66.102,0.86,-0.133,0.714
North Cyprus,2021,5.536,10.576,0.82,73.898,0.795,0.012,0.626
Belarus,2021,5.534,9.853,0.91,66.253,0.65,-0.18,0.627
Russia,2021,5.477,10.189,0.903,64.703,0.718,-0.111,0.845
Hong Kong S.A.R. of China,2021,5.477,11.0,0.836,76.82,0.717,0.067,0.403
Tajikistan,2021,5.466,8.091,0.86,64.281,0.832,-0.056,0.553
Vietnam,2021,5.411,8.973,0.85,68.034,0.94,-0.098,0.796
Libya,2021,5.41,9.622,0.827,62.3,0.771,-0.087,0.667
Malaysia,2021,5.384,10.238,0.817,67.102,0.895,0.125,0.839
Indonesia,2021,5.345,9.365,0.811,62.236,0.873,0.542,0.867
Congo (Brazzaville),2021,5.342,8.117,0.636,58.221,0.695,-0.068,0.745
China,2021,5.339,9.673,0.811,69.593,0.904,-0.146,0.755
Ivory Coast,2021,5.306,8.551,0.644,50.114,0.741,-0.016,0.794
Armenia,2021,5.283,9.487,0.799,67.055,0.825,-0.168,0.629
Nepal,2021,5.269,8.12,0.774,64.233,0.782,0.152,0.727
Bulgaria,2021,5.266,10.016,0.931,67.0,0.788,-0.096,0.932
Maldives,2021,5.198,9.826,0.913,70.6,0.854,0.024,0.825
Azerbaijan,2021,5.171,9.569,0.836,65.656,0.814,-0.223,0.506
Cameroon,2021,5.142,8.189,0.71,53.515,0.731,0.026,0.848
Senegal,2021,5.132,8.118,0.71,59.802,0.695,-0.046,0.801
Albania,2021,5.117,9.52,0.697,68.999,0.785,-0.03,0.901
North Macedonia,2021,5.101,9.693,0.805,65.474,0.751,0.038,0.905
Ghana,2021,5.088,8.58,0.727,57.586,0.807,0.123,0.848
Niger,2021,5.074,7.098,0.641,53.78,0.806,0.018,0.693
Turkmenistan,2021,5.066,9.629,0.983,62.409,0.877,0.273,0.888
Gambia,2021,5.051,7.686,0.69,55.16,0.697,0.424,0.746
Benin,2021,5.045,8.087,0.489,54.713,0.757,-0.034,0.661
Laos,2021,5.03,8.947,0.728,58.968,0.91,0.123,0.658
Bangladesh,2021,5.025,8.454,0.693,64.8,0.877,-0.041,0.682
Guinea,2021,4.984,7.838,0.639,55.008,0.697,0.095,0.766
South Africa,2021,4.956,9.403,0.86,56.904,0.749,-0.067,0.86
Turkey,2021,4.948,10.24,0.822,67.199,0.576,-0.139,0.776
Pakistan,2021,4.934,8.458,0.651,58.709,0.726,0.098,0.787
Morocco,2021,4.918,8.903,0.56,66.208,0.774,-0.236,0.801
Venezuela,2021,4.892,9.073,0.861,66.7,0.615,-0.169,0.827
Georgia,2021,4.891,9.585,0.671,64.3,0.783,-0.238,0.655
Algeria,2021,4.887,9.342,0.802,66.005,0.48,-0.067,0.752
Ukraine,2021,4.875,9.436,0.888,64.902,0.724,-0.011,0.924
Iraq,2021,4.854,9.24,0.746,60.583,0.63,-0.053,0.875
Gabon,2021,4.852,9.603,0.776,59.962,0.731,-0.2,0.84
Burkina Faso,2021,4.834,7.678,0.672,54.151,0.695,-0.009,0.748
Cambodia,2021,4.83,8.36,0.765,62.0,0.959,0.034,0.843
Mozambique,2021,4.794,7.158,0.744,54.706,0.882,0.061,0.684
Nigeria,2021,4.759,8.533,0.74,50.102,0.737,0.037,0.878
Mali,2021,4.723,7.744,0.724,51.969,0.697,-0.036,0.827
Iran,2021,4.721,9.584,0.71,66.3,0.608,0.218,0.714
Uganda,2021,4.636,7.677,0.781,56.101,0.709,0.122,0.855
Liberia,2021,4.625,7.288,0.72,56.498,0.735,0.05,0.85
Kenya,2021,4.607,8.361,0.688,60.704,0.779,0.287,0.825
Tunisia,2021,4.596,9.266,0.691,67.201,0.656,-0.201,0.87
Lebanon,2021,4.584,9.626,0.848,67.355,0.525,-0.073,0.898
Namibia,2021,4.574,9.161,0.818,56.799,0.719,-0.149,0.847
Palestinian Territories,2021,4.517,8.485,0.826,62.25,0.653,-0.163,0.821
Myanmar,2021,4.426,8.541,0.779,59.302,0.876,0.509,0.66
Jordan,2021,4.395,9.182,0.767,67.0,0.755,-0.167,0.705
Chad,2021,4.355,7.364,0.619,48.478,0.579,0.041,0.807
Sri Lanka,2021,4.325,9.47,0.827,67.299,0.841,0.079,0.863
Swaziland,2021,4.308,9.065,0.77,50.833,0.647,-0.185,0.708
Comoros,2021,4.289,8.031,0.626,57.349,0.548,0.082,0.781
Egypt,2021,4.283,9.367,0.75,61.998,0.749,-0.182,0.795
Ethiopia,2021,4.275,7.694,0.764,59.0,0.752,0.082,0.761
Mauritania,2021,4.227,8.542,0.795,57.161,0.561,-0.106,0.731
Madagascar,2021,4.208,7.396,0.686,59.305,0.552,-0.005,0.803
Togo,2021,4.107,7.362,0.569,54.914,0.619,0.032,0.772
Zambia,2021,4.073,8.145,0.708,55.809,0.782,0.061,0.823
Sierra Leone,2021,3.849,7.434,0.63,51.651,0.717,0.084,0.866
India,2021,3.819,8.755,0.603,60.633,0.893,0.089,0.774
Burundi,2021,3.775,6.635,0.49,53.4,0.626,-0.024,0.607
Yemen,2021,3.658,7.578,0.832,57.122,0.602,-0.147,0.8
Tanzania,2021,3.623,7.876,0.702,57.999,0.833,0.183,0.577
Haiti,2021,3.615,7.477,0.54,55.7,0.593,0.422,0.721
Malawi,2021,3.6,6.958,0.537,57.948,0.78,0.038,0.729
Lesotho,2021,3.512,7.926,0.787,48.7,0.715,-0.131,0.915
Botswana,2021,3.467,9.782,0.784,59.269,0.824,-0.246,0.801
Rwanda,2021,3.415,7.676,0.552,61.4,0.897,0.061,0.167
Zimbabwe,2021,3.145,7.943,0.75,56.201,0.677,-0.047,0.821
Afghanistan,2021,2.523,7.695,0.463,52.493,0.382,-0.102,0.924
